Name,Email
Ca Construction,cac@caconstruction.net
Excelsior Metals,sales@excelsiormetals.com
 Style-Line Construction,frank@style-line.net
Carter Construction,"billcarterconstruction@gmail.com
kimcarterconstruction@gmail.com
seancarterconstruction@gmail.com"
Bothof Construction,office@bothofconstruction.com
Champ Construction,info@champconstruct.com
Soltek Pacific,info@soltekpacific.com
Kerry Wolf,Kerry@kwolfconstruction.com
CCMS-Construction Inc,info@ccms-construction.com
"Commercial Design Builders, Inc.",Eric@cdbinc.co
RJ MILLER CONSTRUCTION,info@rjmillerconstruction.com
JMA CONCRETE INC,Estimating@JMAConcrete.com
"Walter C. Smith Co., Inc.",info@waltercsmith.com
Masonry Construction,Eric@McCurleyandDay.com
Heritage Bomanite,contact@heritagebomanite.com
The Earth Builders,sean@theearthbuilders.com
A r t   R a m i r e z   I n c ,art@artramirezinc.com
SELSOR DEMOLITION INC ,Contact@SelsorConstruction.com
Contech Concrete,contechg@gmail.com
CUSTOM DRYWALL SERVICE,matt@customdrywallservice.com
Total Enjineering Solutions,team@totalengsolutions.com
Argus HD ,info@ArgusHD.com
